<?xml version="1.0" encoding="UTF-8" standalone="yes"?>
<addon id="plugin.program.theredwizard" name="[COLOR red]The Red Wizard[/COLOR]" version="2.1.4" provider-name="[COLOR red]The Red Wizard[/COLOR]">
    <requires>
        <import addon="xbmc.python" version="3.0.0" />
        <import addon="script.module.requests" />
        <import addon="script.module.six" />
    </requires>
    
    <extension point="xbmc.python.pluginsource" library="default.py">
        <provides>executable</provides>
    </extension>
    
    <extension point="xbmc.service" library="startup.py" start="startup" />
    
    <extension point="xbmc.addon.metadata">
        <summary lang="en">[COLOR red]The Red Wizard 21 Omega Edition[/COLOR]</summary>
        <description lang="en">[COLOR red]The Red Wizard for installing, updating and maintaining The Red Wizard 21 Omega builds[/COLOR]</description>
        <platform>all</platform>
        <reuselanguageinvoker>false</reuselanguageinvoker>
        <source>https://www.github.com/a4k-openproject/plugin.program.openwizard/</source>
        <news>[COLOR red]2024-09-06
- New directory for The Red Repo Auto Install
- Redflix fanart changed
- The Red Wizard has a new home! Go to https://redwizard.xyz[/COLOR]</news>
        <assets>
            <icon>resources/media/icon.png</icon>
            <fanart>resources/media/fanart.jpg</fanart>
			<screenshot>resources/media/screenshot01.jpg</screenshot>
			<screenshot>resources/media/screenshot02.jpg</screenshot>
			<screenshot>resources/media/screenshot03.jpg</screenshot>
			<screenshot>resources/media/screenshot04.jpg</screenshot>
			<screenshot>resources/media/screenshot05.jpg</screenshot>
			<screenshot>resources/media/screenshot06.jpg</screenshot>
			<screenshot>resources/media/screenshot07.jpg</screenshot>
        </assets>
		<license>GNU GENERAL PUBLIC LICENSE Version 3</license>
		<email>info@redwizard.xyz</email>
		<website>https://redwizard.xyz/</website>
    </extension>
</addon>
